-- MySQL Script generated by MySQL Workbench
-- Sat Oct  2 14:19:09 2021
-- Model: New Model    Version: 1.0
-- MySQL Workbench Forward Engineering

SET @OLD_UNIQUE_CHECKS=@@UNIQUE_CHECKS, UNIQUE_CHECKS=0;
SET @OLD_FOREIGN_KEY_CHECKS=@@FOREIGN_KEY_CHECKS, FOREIGN_KEY_CHECKS=0;
SET @OLD_SQL_MODE=@@SQL_MODE, SQL_MODE='ONLY_FULL_GROUP_BY,STRICT_TRANS_TABLES,NO_ZERO_IN_DATE,NO_ZERO_DATE,ERROR_FOR_DIVISION_BY_ZERO,NO_ENGINE_SUBSTITUTION';

-- -----------------------------------------------------
-- Schema Timetable
-- -----------------------------------------------------

-- -----------------------------------------------------
-- Schema Timetable
-- -----------------------------------------------------
CREATE SCHEMA IF NOT EXISTS `Timetable` DEFAULT CHARACTER SET utf8 ;
USE `Timetable` ;

-- -----------------------------------------------------
-- Table `Timetable`.`teachers`
-- -----------------------------------------------------
CREATE TABLE IF NOT EXISTS `Timetable`.`teachers` (
  `ID` INT NOT NULL,
  `Surname` VARCHAR(45) NOT NULL,
  `Name` VARCHAR(45) NOT NULL,
  `Patronymic` VARCHAR(45) NOT NULL,
  PRIMARY KEY (`ID`))
ENGINE = InnoDB;


-- -----------------------------------------------------
-- Table `Timetable`.`subjects`
-- -----------------------------------------------------
CREATE TABLE IF NOT EXISTS `Timetable`.`subjects` (
  `ID` INT NOT NULL,
  `Name` VARCHAR(45) NOT NULL,
  PRIMARY KEY (`ID`))
ENGINE = InnoDB;


-- -----------------------------------------------------
-- Table `Timetable`.`timetable`
-- -----------------------------------------------------
CREATE TABLE IF NOT EXISTS `Timetable`.`timetable` (
  `ID` INT NOT NULL,
  `Day_of_the_week` VARCHAR(45) NOT NULL,
  `ID_Subject` INT NOT NULL,
  `Classroom` VARCHAR(45) NOT NULL,
  `ID_Teacher` INT NOT NULL,
  `Count_students` VARCHAR(45) NOT NULL,
  PRIMARY KEY (`ID`),
  INDEX `ID_Teacher_idx` (`ID_Teacher` ASC) VISIBLE,
  INDEX `ID_Subject_key_idx` (`ID_Subject` ASC) VISIBLE,
  CONSTRAINT `ID_Teacher_key`
    FOREIGN KEY (`ID_Teacher`)
    REFERENCES `Timetable`.`teachers` (`ID`)
    ON DELETE CASCADE
    ON UPDATE CASCADE,
  CONSTRAINT `ID_Subject_key`
    FOREIGN KEY (`ID_Subject`)
    REFERENCES `Timetable`.`subjects` (`ID`)
    ON DELETE NO ACTION
    ON UPDATE NO ACTION)
ENGINE = InnoDB;


SET SQL_MODE=@OLD_SQL_MODE;
SET FOREIGN_KEY_CHECKS=@OLD_FOREIGN_KEY_CHECKS;
SET UNIQUE_CHECKS=@OLD_UNIQUE_CHECKS;

-- -----------------------------------------------------
-- Data for table `Timetable`.`teachers`
-- -----------------------------------------------------
START TRANSACTION;
USE `Timetable`;
INSERT INTO `Timetable`.`teachers` (`ID`, `Surname`, `Name`, `Patronymic`) VALUES (51, 'Fedorova', 'Maria', 'Alexandrovna');
INSERT INTO `Timetable`.`teachers` (`ID`, `Surname`, `Name`, `Patronymic`) VALUES (52, 'Smirnov', 'Evgenii', 'Ivanovich');
INSERT INTO `Timetable`.`teachers` (`ID`, `Surname`, `Name`, `Patronymic`) VALUES (53, 'Kalinina', 'Irina', 'Mirolybovna');
INSERT INTO `Timetable`.`teachers` (`ID`, `Surname`, `Name`, `Patronymic`) VALUES (54, 'Smirnova', 'Elena', 'Vladimirovna');
INSERT INTO `Timetable`.`teachers` (`ID`, `Surname`, `Name`, `Patronymic`) VALUES (55, 'Alexeev', 'Michail', 'Alexandrovich');
INSERT INTO `Timetable`.`teachers` (`ID`, `Surname`, `Name`, `Patronymic`) VALUES (56, 'Volkova', 'Galina', 'Alexeevna');
INSERT INTO `Timetable`.`teachers` (`ID`, `Surname`, `Name`, `Patronymic`) VALUES (57, 'Vasiliev', 'Ivan', 'Ivanovich');
INSERT INTO `Timetable`.`teachers` (`ID`, `Surname`, `Name`, `Patronymic`) VALUES (58, 'Egorov', 'Matvei', 'Kirillovich');
INSERT INTO `Timetable`.`teachers` (`ID`, `Surname`, `Name`, `Patronymic`) VALUES (59, 'Kiseleva', 'Marina', 'Evgenevna');
INSERT INTO `Timetable`.`teachers` (`ID`, `Surname`, `Name`, `Patronymic`) VALUES (60, 'Tarasov', 'Egor', 'Vladimirovich');

COMMIT;


-- -----------------------------------------------------
-- Data for table `Timetable`.`subjects`
-- -----------------------------------------------------
START TRANSACTION;
USE `Timetable`;
INSERT INTO `Timetable`.`subjects` (`ID`, `Name`) VALUES (101, 'Math');
INSERT INTO `Timetable`.`subjects` (`ID`, `Name`) VALUES (102, 'Russian Language');
INSERT INTO `Timetable`.`subjects` (`ID`, `Name`) VALUES (103, 'English Language');
INSERT INTO `Timetable`.`subjects` (`ID`, `Name`) VALUES (104, 'Literature');
INSERT INTO `Timetable`.`subjects` (`ID`, `Name`) VALUES (105, 'Biology');
INSERT INTO `Timetable`.`subjects` (`ID`, `Name`) VALUES (106, 'History');
INSERT INTO `Timetable`.`subjects` (`ID`, `Name`) VALUES (107, 'Informatics');
INSERT INTO `Timetable`.`subjects` (`ID`, `Name`) VALUES (108, 'Geography');
INSERT INTO `Timetable`.`subjects` (`ID`, `Name`) VALUES (109, 'Chemistry');
INSERT INTO `Timetable`.`subjects` (`ID`, `Name`) VALUES (110, 'Music');

COMMIT;


-- -----------------------------------------------------
-- Data for table `Timetable`.`timetable`
-- -----------------------------------------------------
START TRANSACTION;
USE `Timetable`;
INSERT INTO `Timetable`.`timetable` (`ID`, `Day_of_the_week`, `ID_Subject`, `Classroom`, `ID_Teacher`, `Count_students`) VALUES (11, 'Monday', 101, '305', 52, '23');
INSERT INTO `Timetable`.`timetable` (`ID`, `Day_of_the_week`, `ID_Subject`, `Classroom`, `ID_Teacher`, `Count_students`) VALUES (12, 'Monday', 102, '208', 60, '30');
INSERT INTO `Timetable`.`timetable` (`ID`, `Day_of_the_week`, `ID_Subject`, `Classroom`, `ID_Teacher`, `Count_students`) VALUES (13, 'Monday', 103, '012', 51, '28');
INSERT INTO `Timetable`.`timetable` (`ID`, `Day_of_the_week`, `ID_Subject`, `Classroom`, `ID_Teacher`, `Count_students`) VALUES (14, 'Monday', 104, '012', 53, '24');
INSERT INTO `Timetable`.`timetable` (`ID`, `Day_of_the_week`, `ID_Subject`, `Classroom`, `ID_Teacher`, `Count_students`) VALUES (15, 'Tuesday', 106, '108', 54, '29');
INSERT INTO `Timetable`.`timetable` (`ID`, `Day_of_the_week`, `ID_Subject`, `Classroom`, `ID_Teacher`, `Count_students`) VALUES (16, 'Tuesday', 109, '210', 55, '15');
INSERT INTO `Timetable`.`timetable` (`ID`, `Day_of_the_week`, `ID_Subject`, `Classroom`, `ID_Teacher`, `Count_students`) VALUES (17, 'Tuesday', 107, '306', 56, '19');
INSERT INTO `Timetable`.`timetable` (`ID`, `Day_of_the_week`, `ID_Subject`, `Classroom`, `ID_Teacher`, `Count_students`) VALUES (18, 'Wednesday', 105, '305', 57, '20');
INSERT INTO `Timetable`.`timetable` (`ID`, `Day_of_the_week`, `ID_Subject`, `Classroom`, `ID_Teacher`, `Count_students`) VALUES (19, 'Wednesday', 108, '208', 58, '17');
INSERT INTO `Timetable`.`timetable` (`ID`, `Day_of_the_week`, `ID_Subject`, `Classroom`, `ID_Teacher`, `Count_students`) VALUES (20, 'Wednesday', 110, '208', 59, '23');
INSERT INTO `Timetable`.`timetable` (`ID`, `Day_of_the_week`, `ID_Subject`, `Classroom`, `ID_Teacher`, `Count_students`) VALUES (21, 'Wednesday', 101, '110', 52, '24');
INSERT INTO `Timetable`.`timetable` (`ID`, `Day_of_the_week`, `ID_Subject`, `Classroom`, `ID_Teacher`, `Count_students`) VALUES (22, 'Thursday', 103, '012', 51, '28');
INSERT INTO `Timetable`.`timetable` (`ID`, `Day_of_the_week`, `ID_Subject`, `Classroom`, `ID_Teacher`, `Count_students`) VALUES (23, 'Thursday', 106, '516', 54, '18');
INSERT INTO `Timetable`.`timetable` (`ID`, `Day_of_the_week`, `ID_Subject`, `Classroom`, `ID_Teacher`, `Count_students`) VALUES (24, 'Thursday', 104, '214', 53, '21');
INSERT INTO `Timetable`.`timetable` (`ID`, `Day_of_the_week`, `ID_Subject`, `Classroom`, `ID_Teacher`, `Count_students`) VALUES (25, 'Thursday', 102, '214', 60, '34');
INSERT INTO `Timetable`.`timetable` (`ID`, `Day_of_the_week`, `ID_Subject`, `Classroom`, `ID_Teacher`, `Count_students`) VALUES (26, 'Friday', 105, '317', 57, '16');
INSERT INTO `Timetable`.`timetable` (`ID`, `Day_of_the_week`, `ID_Subject`, `Classroom`, `ID_Teacher`, `Count_students`) VALUES (27, 'Friday', 109, '214', 55, '19');

COMMIT;

